,drugName,rating
0,Mirtazapine,10
38,Escitalopram,9
67,Zoloft,1
73,Effexor XR,1
79,Venlafaxine,8
81,Venlafaxine,1
112,Bupropion,4
122,Bupropion,5
130,Zoloft,2
135,Escitalopram,10
149,Effexor XR,10
155,Desvenlafaxine,3
169,Sertraline,3
174,Pristiq,7
201,Vilazodone,10
203,Bupropion,10
205,Lexapro,10
223,Venlafaxine,1
235,Zoloft,1
240,Desvenlafaxine,7
267,Viibryd,10
275,Serzone,10
277,Zoloft,4
306,Lexapro,8
308,Trintellix,9
318,Bupropion,10
366,Mirtazapine,10
375,Citalopram,1
403,Budeprion SR,8
405,Desvenlafaxine,5
455,Tramadol,10
467,Wellbutrin,9
472,Fetzima,10
477,Bupropion,9
489,Viibryd,10
491,Xanax,10
539,Viibryd,2
590,Citalopram,9
592,Duloxetine,8
597,Wellbutrin,10
608,Celexa,10
614,Sertraline,6
658,Zoloft,9
688,Sertraline,9
700,Zoloft,10
734,Celexa,9
742,Mirtazapine,7
782,Zoloft,9
798,Venlafaxine,6
805,Celexa,8
810,Venlafaxine,9
811,Desvenlafaxine,1
818,Wellbutrin,2
825,Pristiq,8
842,Wellbutrin,9
864,Cymbalta,7
900,Bupropion,10
915,Viibryd,10
922,Doxepin,1
930,Nuvigil,2
931,Vortioxetine,1
939,Desvenlafaxine,9
952,Cymbalta,10
953,Risperidone,10
957,Citalopram,3
965,Bupropion,10
1007,Bupropion,1
1010,Paroxetine,10
1013,Luvox,1
1128,Duloxetine,8
1152,Vortioxetine,4
1175,Pristiq,9
1176,Pristiq,10
1180,Tramadol,10
1206,Niacin,10
1260,Citalopram,8
1269,Duloxetine,1
1287,Fluoxetine,8
1306,Sertraline,10
1354,Bupropion,2
1367,Bupropion,5
1413,Deplin,1
1415,Effexor,7
1433,Wellbutrin,1
1436,Paxil,9
1441,Emsam,8
1458,Sertraline,9
1461,Effexor XR,9
1464,Fluoxetine,9
1468,Vilazodone,10
1482,Pamelor,8
1502,Desvenlafaxine,7
1522,Viibryd,1
1543,Zoloft,1
1578,Seroquel,10
1582,Abilify,2
1590,Venlafaxine,5
1604,Desvenlafaxine,8
1615,Desvenlafaxine,6
1623,Escitalopram,9
1632,Venlafaxine,1
1644,Citalopram,8
1678,Desvenlafaxine,2
1695,Fluoxetine,3
1704,Trintellix,2
1709,Duloxetine,9
1723,Desvenlafaxine,9
1734,Effexor XR,2
1736,Venlafaxine,6
1738,Vilazodone,8
1746,Citalopram,8
1758,Duloxetine,1
1767,Citalopram,4
1795,Trintellix,8
1836,Lexapro,9
1838,Fluoxetine,3
1858,Paroxetine,10
1862,Duloxetine,6
1865,Wellbutrin XL,10
1878,Aripiprazole,8
1879,Sertraline,8
1880,Viibryd,2
1884,Paroxetine,10
1890,Wellbutrin,10
1922,Sertraline,10
1939,Vilazodone,10
1984,Duloxetine,9
1996,Mirtazapine,7
2008,Desvenlafaxine,10
2014,Escitalopram,9
2017,Paroxetine,9
2019,Sertraline,1
2035,Lexapro,8
2040,Vilazodone,1
2046,Effexor,10
2064,Cymbalta,10
2078,Sertraline,2
2084,Sertraline,3
2095,Selegiline,9
2117,Bupropion,10
2134,Seroquel XR,1
2172,Mirtazapine,10
2225,Mirtazapine,9
2237,Desvenlafaxine,3
2241,Wellbutrin XL,10
2251,Mirtazapine,10
2254,Bupropion,9
2269,Celexa,8
2371,Celexa,10
2398,Fluoxetine,10
2410,Prozac,9
2417,Effexor XR,10
2473,Deplin,10
2504,Paroxetine,9
2516,Citalopram,1
2524,Fluoxetine,9
2528,Duloxetine,10
2540,Sertraline,10
2543,Sertraline,1
2571,Venlafaxine,3
2603,Vortioxetine,10
2674,Duloxetine,10
2675,Pristiq,1
2712,Zyprexa,2
2725,Niacin,10
2737,Vortioxetine,7
2746,Pristiq,7
2757,Sertraline,10
2760,Wellbutrin SR,9
2819,Effexor XR,9
2821,Bupropion,10
2834,Bupropion,8
2858,Escitalopram,9
2862,Effexor XR,1
2869,Desvenlafaxine,9
2875,Bupropion,9
2928,Pristiq,9
2940,Wellbutrin,4
2950,Effexor,1
2989,Venlafaxine,8
2992,Mirtazapine,8
3003,Desvenlafaxine,8
3008,Vilazodone,10
3014,Sertraline,10
3043,Venlafaxine,8
3058,Fluoxetine,10
3062,Sertraline,10
3105,Nefazodone,10
3108,Mirtazapine,1
3155,Lexapro,10
3158,Bupropion,5
3169,Pristiq,10
3175,Lithium,10
3178,Aripiprazole,10
3179,Prozac,5
3182,Vortioxetine,9
3185,Fluoxetine,9
3204,Sertraline,10
3209,Xanax,10
3218,Lexapro,10
3234,Niacin,10
3251,Bupropion,9
3275,Escitalopram,7
3292,Bupropion,9
3393,Cymbalta,8
3413,Wellbutrin,9
3422,Desvenlafaxine,1
3449,Zoloft,4
3458,Armodafinil,7
3484,Mirtazapine,10
3522,Citalopram,9
3544,Effexor XR,7
3559,Citalopram,1
3602,Celexa,9
3603,Prozac,10
3639,Wellbutrin,9
3667,L-methylfolate,10
3671,Paroxetine,9
3690,Desvenlafaxine,3
3692,Vortioxetine,9
3696,Escitalopram,10
3701,Escitalopram,7
3728,Tramadol,10
3741,Tramadol,10
3747,Venlafaxine,10
3759,Venlafaxine,9
3791,Bupropion,7
3801,Mirtazapine,6
3805,Vortioxetine,6
3816,Vortioxetine,9
3829,Sertraline,9
3862,Zoloft,6
3882,Sertraline,3
3946,Vortioxetine,3
4001,Nefazodone,10
4029,St. john's wort,9
4041,Bupropion,7
4042,Viibryd,9
4048,Fluoxetine,8
4051,Bupropion,9
4090,Trazodone,9
4099,Zoloft,4
4133,Brexpiprazole,7
4146,Pristiq,10
4174,Wellbutrin,1
4175,Bupropion,7
4176,Escitalopram,8
4207,Seroquel XR,10
4209,Abilify Discmelt,9
4229,Duloxetine,1
4230,Paroxetine,10
4239,Zoloft,8
4282,Bupropion,4
4296,Effexor,9
4304,Elavil,10
4310,Duloxetine,10
4313,Escitalopram,1
4327,Escitalopram,6
4353,Vilazodone,10
4355,Citalopram,10
4378,Citalopram,1
4379,Aripiprazole,1
4393,Norpramin,10
4401,Wellbutrin XL,7
4413,Vilazodone,10
4427,Cymbalta,10
4434,Paroxetine,7
4435,Mirtazapine,9
4457,Duloxetine,10
4550,Escitalopram,10
4552,Effexor,10
4556,Risperidone,10
4561,Parnate,10
4571,Venlafaxine,10
4574,Aripiprazole,1
4605,Cymbalta,1
4660,Effexor,9
4677,Duloxetine,5
4680,Fetzima,1
4683,Duloxetine,8
4694,Lexapro,10
4700,Viibryd,3
4718,Paroxetine,9
4734,L-methylfolate,8
4735,Trintellix,1
4761,Fluoxetine,7
4771,Celexa,1
4825,Tramadol,10
4877,Effexor XR,1
4881,Prozac,10
4921,Viibryd,4
4954,Vilazodone,1
4955,Citalopram,9
4970,Lexapro,10
5009,Celexa,10
5023,Trintellix,9
5048,Tramadol,8
5056,Bupropion,9
5058,Sertraline,1
5072,Lexapro,7
5111,Desvenlafaxine,8
5116,Pristiq,10
5183,Fluoxetine,10
5197,Zoloft,9
5220,Escitalopram,7
5222,Paroxetine,7
5225,Modafinil,6
5289,Effexor XR,9
5317,Venlafaxine,1
5319,Amitriptyline,1
5327,Alprazolam,10
5336,Effexor XR,6
5346,Pristiq,7
5357,Nortriptyline,1
5360,Viibryd,10
5364,Sertraline,3
5384,Tranylcypromine,10
5405,Bupropion,10
5418,Pristiq,7
5424,Venlafaxine,8
5435,Vilazodone,6
5439,Lexapro,6
5474,Duloxetine,10
5495,Venlafaxine,2
5524,Vortioxetine,9
5537,St. john's wort,10
5562,Escitalopram,4
5563,Prozac,10
5565,Vortioxetine,5
5578,Phenelzine,7
5579,Cymbalta,6
5589,Tramadol,10
5595,Escitalopram,9
5609,Venlafaxine,9
5625,Wellbutrin XL,10
5640,Sertraline,8
5641,Vilazodone,10
5647,Pristiq,7
5655,Escitalopram,8
5673,Venlafaxine,7
5695,Desvenlafaxine,10
5717,Wellbutrin,2
5724,Zoloft,8
5732,Celexa,7
5741,Effexor,9
5761,Aripiprazole,7
5766,Wellbutrin XL,10
5776,Venlafaxine,10
5779,Vilazodone,1
5781,Effexor,1
5797,Desipramine,10
5807,Pristiq,3
5822,Vilazodone,3
5851,Remeron,9
5866,Mirtazapine,9
5876,Vortioxetine,5
5888,Citalopram,1
5918,Citalopram,4
5923,Desvenlafaxine,10
5925,Wellbutrin XL,8
5926,Quetiapine,10
5945,Vortioxetine,1
5998,Lexapro,7
6002,Desvenlafaxine,10
6044,Lithium,8
6045,Modafinil,10
6095,Prozac,8
6097,L-methylfolate,10
6120,Paroxetine,8
6124,Fluoxetine,9
6130,Escitalopram,10
6133,Wellbutrin,8
6154,Fluoxetine,9
6162,Vilazodone,9
6190,Lexapro,7
6194,Fluoxetine,7
6200,Sertraline,8
6219,Zoloft,1
6223,Effexor XR,5
6226,Viibryd,10
6248,Wellbutrin,8
6256,Vilazodone,9
6264,Xanax,10
6269,Lexapro,10
6274,Lexapro,8
6286,Lexapro,10
6307,Venlafaxine,8
6311,Citalopram,9
6342,Rexulti,5
6375,Emsam,10
6403,Sertraline,10
6404,Effexor,1
6419,Desvenlafaxine,1
6446,Sertraline,8
6508,Pristiq,7
6513,Vilazodone,8
6538,Prozac,7
6546,Bupropion,9
6547,Zoloft,9
6570,Bupropion,8
6582,Bupropion,9
6585,Zoloft,7
6591,Viibryd,9
6595,Abilify,10
6616,Desvenlafaxine,1
6644,Quetiapine,8
6669,Bupropion,9
6671,Viibryd,5
6680,Levomilnacipran,5
6684,Vortioxetine,4
6690,Nefazodone,10
6704,Zoloft,3
6707,Viibryd,1
6717,Escitalopram,2
6720,Wellbutrin,5
6737,Duloxetine,1
6764,Tofranil,2
6818,Paroxetine,7
6822,Modafinil,10
6892,Venlafaxine,9
6896,Zoloft,9
6919,Citalopram,9
6923,Wellbutrin,9
6926,Celexa,5
6936,Abilify,10
6937,Bupropion,9
6985,Trintellix,2
7001,Vilazodone,10
7021,Pristiq,9
7027,Venlafaxine,8
7033,Zyprexa,10
7052,Abilify,9
7065,Wellbutrin XL,7
7085,Pristiq,10
7097,Effexor,7
7108,Vilazodone,1
7109,Bupropion,5
7128,Sertraline,10
7169,Fluvoxamine,10
7176,Trazodone,10
7194,Bupropion,10
7198,Sertraline,8
7215,Trimipramine,9
7218,Celexa,10
7234,Cymbalta,8
7245,Xanax,10
7252,Escitalopram,1
7266,Sertraline,1
7270,Citalopram,2
7279,Desvenlafaxine,2
7283,Escitalopram,9
7294,Vilazodone,10
7306,Escitalopram,1
7317,Lexapro,8
7371,Bupropion,9
7390,Tranylcypromine,5
7395,Nortriptyline,1
7397,Effexor,7
7413,Brexpiprazole,5
7416,Bupropion,9
7454,Bupropion,9
7463,Trintellix,3
7464,Trintellix,9
7474,Citalopram,10
7521,Cymbalta,10
7524,Celexa,8
7544,Viibryd,2
7552,Citalopram,9
7565,Remeron,5
7610,Modafinil,10
7616,Sertraline,3
7660,Wellbutrin,10
7738,Xanax,10
7755,Pristiq,9
7762,Quetiapine,4
7770,Escitalopram,10
7781,Desvenlafaxine,10
7816,Desvenlafaxine,8
7826,Fluoxetine,9
7870,Citalopram,9
7877,Cymbalta,9
7880,Pristiq,8
7899,Lexapro,7
7900,Vortioxetine,10
7917,Bupropion,10
7945,Venlafaxine,9
7950,Desipramine,9
7951,Lexapro,9
7963,Venlafaxine,1
7969,Zoloft,9
7974,Abilify,6
7980,Vortioxetine,1
7995,Zyprexa,6
7999,Desvenlafaxine,10
8002,Desvenlafaxine,8
8007,Desvenlafaxine,10
8008,Sertraline,8
8016,Lexapro,8
8021,Amoxapine,9
8056,Trintellix,4
8075,Sertraline,10
8086,Venlafaxine,9
8105,Aripiprazole,1
8106,Bupropion,10
8108,Fluoxetine,5
8175,Viibryd,4
8180,Sertraline,3
8230,Zoloft,9
8247,Bupropion,10
8249,Nardil,10
8260,Zoloft,1
8302,Effexor,4
8305,Duloxetine,1
8329,Abilify,10
8335,Fluoxetine,6
8366,Desvenlafaxine,8
8401,Venlafaxine,4
8403,Bupropion,8
8422,Lexapro,10
8436,Vilazodone,8
8463,Citalopram,8
8469,Cymbalta,10
8539,Abilify,3
8550,Venlafaxine,1
8555,Sertraline,9
8603,Citalopram,2
8607,Celexa,10
8621,Escitalopram,7
8629,Lexapro,9
8632,Nardil,9
8645,Zoloft,6
8654,Zoloft,9
8661,Trintellix,4
8702,Selegiline,9
8716,Sertraline,9
8719,Zoloft,10
8726,Venlafaxine,7
8729,Mirtazapine,10
8752,Venlafaxine,6
8753,Venlafaxine,10
8757,Prozac,1
8758,Desvenlafaxine,7
8792,Vilazodone,6
8833,Prozac,9
8835,Wellbutrin XL,10
8836,Paxil,8
8839,Duloxetine,10
8867,Desvenlafaxine,7
8869,Viibryd,10
8873,Desvenlafaxine,10
8892,Tramadol,10
8918,Zoloft,10
8944,Fluoxetine,10
8968,Sertraline,1
8994,Sertraline,9
9004,Vilazodone,10
9042,Venlafaxine,8
9065,Levomilnacipran,2
9111,Vilazodone,6
9123,Duloxetine,8
9132,Bupropion,9
9135,Vilazodone,7
9219,Desvenlafaxine,10
9220,Vortioxetine,9
9226,Venlafaxine,3
9270,Abilify,10
9278,Escitalopram,10
9311,Sertraline,6
9318,Vortioxetine,2
9321,Fluoxetine,9
9335,Lamotrigine,10
9377,Pristiq,2
9385,Cymbalta,7
9429,Olanzapine,1
9458,Sertraline,10
9467,Citalopram,10
9474,Venlafaxine,6
9475,Citalopram,8
9491,Vortioxetine,1
9514,Vortioxetine,10
9523,Citalopram,1
9542,Elavil,1
9553,Bupropion,6
9558,Sertraline,9
9559,Escitalopram,9
9598,Escitalopram,10
9618,Pristiq,1
9626,Wellbutrin,8
9640,Fluoxetine,9
9641,Aripiprazole,9
9669,Effexor,1
9674,Deplin,10
9675,Wellbutrin,8
9677,Fluoxetine,7
9684,Levomilnacipran,1
9689,Bupropion,10
9735,Cymbalta,8
9758,Budeprion XL,8
9775,Xanax,6
9782,Desvenlafaxine,10
9794,Vilazodone,9
9798,Viibryd,3
9859,Bupropion,5
9871,Duloxetine,10
9874,Desvenlafaxine,9
9895,Sertraline,1
9910,Duloxetine,10
9933,Olanzapine,1
9940,Vilazodone,5
9946,Sertraline,1
9949,Quetiapine,9
9954,Effexor XR,1
9963,Prozac,1
9970,Zoloft,1
9986,Bupropion,8
10001,Bupropion,9
10030,Paroxetine,8
10045,Effexor,3
10080,Escitalopram,1
10108,Sertraline,9
10114,Celexa,3
10138,Trintellix,9
10174,Sertraline,9
10194,Phenelzine,6
10221,Sertraline,8
10227,Mirtazapine,8
10236,Citalopram,10
10239,Escitalopram,2
10240,Aripiprazole,7
10276,Aripiprazole,1
10330,Cymbalta,10
10335,Effexor XR,7
10338,Fluoxetine,10
10342,Pristiq,7
10412,Venlafaxine,1
10420,Vilazodone,9
10432,Pristiq,1
10472,Vilazodone,2
10475,Tranylcypromine,1
10477,Escitalopram,9
10505,Zoloft,3
10514,Pristiq,10
10596,Paroxetine,6
10599,Citalopram,8
10612,Duloxetine,10
10613,Duloxetine,8
10625,Trintellix,10
10638,Lexapro,10
10651,Sertraline,7
10683,Viibryd,10
10689,Bupropion,10
10706,Nardil,10
10714,Abilify,10
10721,Alprazolam,8
10733,Citalopram,9
10735,Wellbutrin SR,9
10805,Provigil,10
10814,Fetzima,6
10831,Lexapro,6
10841,Cymbalta,10
10852,Paxil,7
10862,Desvenlafaxine,8
10867,Cymbalta,10
10881,Escitalopram,10
10939,Pristiq,9
10986,Deplin,8
11010,Citalopram,9
11025,Desvenlafaxine,8
11027,Prozac,7
11066,Zoloft,10
11134,Pristiq,8
11143,Zoloft,8
11178,Escitalopram,8
11181,Fluoxetine,5
11182,Bupropion,5
11237,Venlafaxine,8
11242,Paxil,10
11245,Venlafaxine,10
11269,Trazodone,1
11291,Fetzima,4
11293,Celexa,10
11294,Viibryd,9
11302,Pristiq,10
11306,Wellbutrin SR,1
11313,Fetzima,10
11329,Sertraline,4
11331,Desvenlafaxine,8
11359,Aripiprazole,9
11379,Vilazodone,9
11406,Sertraline,8
11413,Lexapro,8
11430,Sertraline,7
11450,Viibryd,1
11461,Cymbalta,9
11467,Sertraline,10
11473,Viibryd,7
11476,Pristiq,2
11483,Lexapro,9
11490,L-methylfolate,5
11504,Zoloft,7
11526,Vortioxetine,9
11527,Sertraline,2
11565,Desvenlafaxine,3
11576,Zoloft,10
11581,Celexa,7
11623,Desvenlafaxine,9
11638,Effexor XR,2
11640,Cymbalta,2
11642,Modafinil,10
11650,Sertraline,9
11668,Desvenlafaxine,9
11681,Sertraline,10
11713,Desvenlafaxine,8
11730,Viibryd,1
11733,Xanax,9
11762,Lexapro,9
11766,Vortioxetine,10
11792,Viibryd,9
11843,Escitalopram,1
11856,Modafinil,10
11866,Desvenlafaxine,1
11889,Wellbutrin,8
11894,Sertraline,10
11905,Duloxetine,10
11925,Duloxetine,7
11931,Celexa,5
11954,Aripiprazole,10
11977,Escitalopram,9
11995,Desvenlafaxine,9
12077,Trintellix,6
12096,Duloxetine,9
12112,Viibryd,3
12114,Seroquel,10
12126,Trintellix,8
12127,Paroxetine,9
12161,Wellbutrin XL,4
12208,Effexor,2
12233,Citalopram,9
12237,Viibryd,2
12289,Effexor XR,7
12311,Lexapro,10
12326,Wellbutrin,8
12349,Bupropion,3
12356,Levomilnacipran,2
12409,Pristiq,10
12414,Escitalopram,7
12444,Paroxetine,9
12469,Pristiq,6
12497,Wellbutrin,3
12546,Effexor XR,9
12599,Venlafaxine,10
12629,Mirtazapine,9
12636,Vortioxetine,8
12657,Vortioxetine,9
12673,Sertraline,7
12704,Sertraline,9
12737,Paxil CR,10
12773,Bupropion,4
12791,Wellbutrin,9
12798,Trintellix,6
12799,Zoloft,7
12817,Emsam,9
12851,Wellbutrin,9
12870,Aripiprazole,10
12921,Cymbalta,6
12960,Aripiprazole,3
12969,Bupropion,1
12971,Paxil,3
12975,Sertraline,1
12977,Sertraline,6
12979,Amitriptyline,10
13042,Sertraline,2
13060,Vilazodone,8
13081,Nortriptyline,4
13104,Venlafaxine,5
13121,Trintellix,9
13142,Desvenlafaxine,3
13164,Viibryd,10
13211,Venlafaxine,1
13212,Duloxetine,10
13217,Desvenlafaxine,7
13261,Vilazodone,10
13276,Sertraline,9
13336,Trazodone,9
13361,Deplin,10
13388,Prozac,9
13390,Effexor,7
13391,Viibryd,6
13394,St. john's wort,10
13435,Cymbalta,10
13446,Mirtazapine,9
13476,Desvenlafaxine,6
13500,Pristiq,9
13504,Citalopram,10
13510,Mirtazapine,3
13517,Vortioxetine,9
13518,Lexapro,1
13523,Sertraline,1
13543,Pristiq,8
13568,Prozac,9
13569,Nardil,2
13583,Citalopram,7
13602,Vilazodone,9
13621,Cymbalta,8
13638,Trintellix,9
13644,Methylphenidate,9
13646,Vilazodone,9
13648,Effexor XR,4
13654,Sertraline,8
13689,Bupropion,10
13703,Abilify,10
13742,Celexa,7
13767,Cymbalta,10
13773,Sertraline,10
13778,Tramadol,9
13785,Vilazodone,5
13796,Olanzapine,10
13798,Zoloft,1
13840,Cymbalta,10
13843,Paxil,1
13869,Wellbutrin SR,3
13884,Vilazodone,10
13945,Vortioxetine,8
13983,Viibryd,2
14027,Bupropion,10
14038,Effexor,6
14047,Venlafaxine,1
14078,Elavil,10
14097,Effexor XR,3
14129,Duloxetine,10
14214,Modafinil,9
14241,Viibryd,4
14257,Sertraline,10
14263,Pristiq,5
14289,Abilify,9
14310,Vortioxetine,2
14324,Celexa,2
14331,Cymbalta,8
14337,Imipramine,10
14357,Lexapro,8
14359,Venlafaxine,10
14361,Bupropion,9
14376,Sertraline,9
14389,Mirtazapine,4
14393,Fluoxetine,1
14398,Lexapro,9
14412,Duloxetine,1
14420,Sertraline,2
14442,Viibryd,5
14454,Tofranil,4
14464,Prozac,8
14466,Wellbutrin,6
14502,Lexapro,7
14513,Fluoxetine,10
14521,Tramadol,10
14538,Fetzima,10
14568,Effexor,7
14589,L-methylfolate,10
14624,Pristiq,9
14643,Lexapro,8
14680,Zoloft,10
14690,Citalopram,9
14691,Remeron,10
14696,Lexapro,9
14731,Sertraline,2
14743,Effexor,6
14745,Vilazodone,10
14746,Sertraline,8
14782,Venlafaxine,9
14871,Fluoxetine,10
14911,Cymbalta,8
14916,Sertraline,2
14927,Sertraline,7
14944,Escitalopram,10
14953,Desvenlafaxine,9
14970,Zoloft,9
14976,Citalopram,8
14987,Bupropion,4
14988,Citalopram,10
15001,Citalopram,10
15017,Duloxetine,6
15045,Wellbutrin,9
15048,Sertraline,9
15086,Venlafaxine,9
15130,Fluoxetine,2
15149,Escitalopram,10
15183,Vortioxetine,8
15189,Escitalopram,1
15197,Vortioxetine,8
15216,Escitalopram,9
15221,Citalopram,8
15264,Limbitrol DS,10
15273,Olanzapine,10
15293,Abilify,3
15303,Effexor XR,9
15309,Fluoxetine,9
15327,Abilify,10
15349,Citalopram,10
15380,Cymbalta,1
15387,Venlafaxine,8
15391,Vortioxetine,10
15423,Pristiq,1
15425,Trintellix,3
15426,Citalopram,10
15438,Lexapro,10
15498,Citalopram,9
15504,Wellbutrin,7
15521,Pristiq,10
15552,Venlafaxine,3
15565,Duloxetine,10
15568,Bupropion,1
15570,Paroxetine,4
15572,Cymbalta,4
15599,Escitalopram,9
15615,Escitalopram,5
15624,Vortioxetine,1
15628,Bupropion,4
15666,Venlafaxine,10
15671,Duloxetine,4
15678,Aplenzin,10
15683,Lamotrigine,10
15693,Wellbutrin XL,1
15695,Lexapro,10
15720,Quetiapine,10
15729,Viibryd,1
15742,Desvenlafaxine,1
15745,Vilazodone,10
15759,Duloxetine,1
15778,Amitriptyline,10
15784,Deplin,9
15793,Cymbalta,10
15807,Wellbutrin XL,1
15822,Escitalopram,8
15853,Cymbalta,9
15865,Duloxetine,10
15898,Sertraline,1
15905,Trintellix,3
15928,Vilazodone,8
15980,Olanzapine,1
15994,Celexa,1
16026,Trintellix,1
16044,Bupropion,9
16046,Phenelzine,10
16069,Fluoxetine / olanzapine,9
16117,Wellbutrin SR,8
16136,Fluoxetine,9
16141,Aripiprazole,10
16145,Paroxetine,9
16160,Duloxetine,10
16179,Viibryd,1
16183,Bupropion,10
16184,Fetzima,2
16193,Vortioxetine,1
16196,Escitalopram,9
16210,Celexa,6
16211,Bupropion,9
16239,Fluoxetine,10
16262,Celexa,6
16266,Escitalopram,7
16313,Emsam,9
16333,Viibryd,1
16343,Effexor,9
16372,Viibryd,1
16405,Pristiq,1
16433,Lexapro,10
16451,Paxil,7
16462,Fluoxetine,3
16472,Zoloft,9
16531,Sertraline,9
16593,Bupropion,9
16597,Trintellix,9
16603,Bupropion,10
16623,Wellbutrin XL,3
16657,Paxil,10
16662,Duloxetine,8
16692,Abilify,8
16704,Desvenlafaxine,10
16712,Duloxetine,9
16731,Celexa,10
16769,Pristiq,8
16783,Escitalopram,8
16801,Wellbutrin SR,9
16846,Citalopram,10
16852,Wellbutrin,4
16870,Venlafaxine,10
16917,Cymbalta,4
16926,Escitalopram,10
16937,Desvenlafaxine,1
16940,Escitalopram,1
16952,Paroxetine,9
16967,Aplenzin,9
16971,Mirtazapine,9
17021,Remeron,1
17081,Wellbutrin SR,8
17094,Desvenlafaxine,8
17106,Viibryd,8
17116,Abilify,7
17136,Mirtazapine,3
17149,Vilazodone,3
17188,Abilify,7
17206,Viibryd,10
17236,Vilazodone,4
17240,Pristiq,9
17271,Bupropion,9
17272,Venlafaxine,5
17283,Zoloft,3
17297,St. john's wort,10
17328,Desvenlafaxine,3
17339,Wellbutrin,1
17347,Celexa,9
17376,Mirtazapine,8
17379,Cymbalta,10
17400,Fluoxetine,9
17421,Venlafaxine,7
17445,Vortioxetine,8
17487,Sertraline,10
17508,Lexapro,10
17610,Fluoxetine,10
17618,Paroxetine,8
17684,Bupropion,7
17696,Selegiline,9
17707,Zoloft,9
17714,Abilify,8
17723,Duloxetine,5
17747,Paxil,9
17758,Zoloft,9
17775,Sertraline,8
17785,Venlafaxine,8
17800,Tranylcypromine,10
17810,Lexapro,7
17825,Citalopram,6
17843,Lexapro,8
17882,Pristiq,8
17913,Escitalopram,7
17922,Tramadol,10
17929,Fluoxetine,9
17939,Bupropion,10
17958,Bupropion,8
17967,Symbyax,10
18004,Escitalopram,4
18014,Citalopram,7
18027,Lexapro,9
18032,Duloxetine,1
18082,Desvenlafaxine,5
18089,Celexa,10
18094,Lexapro,10
18101,Quetiapine,3
18115,Paroxetine,10
18138,Wellbutrin XL,3
18161,Celexa,10
18184,Bupropion,8
18185,Trintellix,2
18200,Sertraline,9
18234,Remeron,9
18275,Bupropion,10
18317,Lexapro,1
18324,Zoloft,7
18350,Bupropion,5
18355,Vilazodone,8
18373,Fluoxetine,1
18380,Celexa,1
18386,Cymbalta,1
18406,Vilazodone,10
18412,Duloxetine,10
18425,Effexor,9
18439,Effexor,10
18444,Cymbalta,3
18480,Prozac,9
18495,Cymbalta,7
18505,Viibryd,8
18519,Escitalopram,9
18532,Mirtazapine,5
18556,Trintellix,7
18559,Escitalopram,5
18580,Prozac,7
18589,Desvenlafaxine,8
18610,Abilify,9
18622,Duloxetine,1
18630,Abilify,9
18631,Desvenlafaxine,1
18632,Vilazodone,3
18641,Venlafaxine,10
18646,Pristiq,9
18671,Escitalopram,9
18695,Desvenlafaxine,9
18722,Sertraline,9
18732,Amitriptyline,7
18763,Escitalopram,1
18783,Mirtazapine,8
18790,Sertraline,9
18834,Lexapro,10
18851,Pristiq,8
18865,Wellbutrin,10
18886,Wellbutrin,10
18889,Bupropion,8
18896,Effexor XR,9
18908,Sertraline,8
18949,Cymbalta,1
18951,Zoloft,10
18988,Venlafaxine,1
19008,Escitalopram,8
19014,Effexor XR,10
19016,Duloxetine,9
19024,Wellbutrin,2
19028,Zoloft,4
19058,Fluoxetine,6
19100,Brexpiprazole,1
19112,Escitalopram,10
19141,Pristiq,6
19182,Bupropion,7
19196,Risperdal,9
19219,Seroquel,5
19221,Mirtazapine,5
19274,Vortioxetine,1
19293,Venlafaxine,9
19301,Abilify,7
19318,Venlafaxine,9
19348,Effexor,1
19353,Vilazodone,10
19369,Tramadol,10
19404,Sertraline,10
19416,Prozac,1
19429,Celexa,10
19433,Desvenlafaxine,9
19450,Mirtazapine,7
19485,Sertraline,8
19494,Vortioxetine,7
19538,Abilify,10
19550,Bupropion,10
19553,Trintellix,9
19583,Paxil,10
19592,Amitriptyline,10
19610,Venlafaxine,9
19629,Escitalopram,10
19652,Cymbalta,1
19677,Viibryd,1
19684,Sertraline,10
19688,Duloxetine,1
19699,Viibryd,1
19714,Escitalopram,7
19729,Bupropion,2
19743,Escitalopram,8
19750,Sertraline,1
19759,Fetzima,7
19770,Zoloft,9
19793,Citalopram,9
19808,Citalopram,8
19809,Desvenlafaxine,1
19852,Pristiq,8
19878,Phenelzine,6
19884,Aripiprazole,10
19911,Pristiq,10
19927,Bupropion,8
19961,Cymbalta,1
19972,Mirtazapine,2
19975,Escitalopram,1
20025,Celexa,7
20037,Tranylcypromine,10
20051,Bupropion,10
20053,Fluoxetine,10
20057,Viibryd,8
20086,Wellbutrin,9
20120,Abilify,10
20147,Sertraline,10
20158,Lexapro,10
20185,Zoloft,8
20190,Escitalopram,8
20208,Pristiq,9
20228,Pristiq,1
20231,Abilify,9
20261,Pristiq,5
20281,Sertraline,8
20287,Bupropion,10
20295,Zoloft,10
20304,Zoloft,5
20315,Wellbutrin,10
20319,Aripiprazole,9
20352,Effexor,5
20375,Vortioxetine,6
20383,Nardil,10
20461,Fluoxetine,1
20469,Xanax,9
20470,Citalopram,9
20495,Wellbutrin,9
20515,Alprazolam,10
20531,Pristiq,9
20533,Trintellix,8
20536,Cymbalta,10
20547,Modafinil,10
20583,Xanax,6
20601,Bupropion,6
20608,Paroxetine,8
20629,Pristiq,6
20640,Effexor,5
20644,Vortioxetine,1
20670,Vilazodone,8
20693,Paxil,3
20696,Celexa,9
20728,Viibryd,8
20777,Wellbutrin,10
20782,Duloxetine,9
20789,Celexa,9
20804,Sertraline,5
20816,Abilify,3
20820,Venlafaxine,8
20821,Wellbutrin,9
20845,Pristiq,1
20847,Desvenlafaxine,7
20860,Paxil,4
20873,Desvenlafaxine,9
20885,Celexa,5
20918,Quetiapine,9
20927,Vilazodone,10
20928,Cymbalta,1
20941,Vilazodone,1
21003,Duloxetine,9
21014,Effexor,1
21033,Venlafaxine,9
21055,Tramadol,10
21067,Amitriptyline / chlordiazepoxide,9
21095,Mirtazapine,10
21099,Citalopram,9
21100,Sertraline,7
21110,Escitalopram,8
21111,Venlafaxine,10
21133,Lexapro,5
21146,Desvenlafaxine,9
21158,Prozac,9
21169,Vilazodone,1
21177,Duloxetine,2
21197,Prozac,9
21207,Vortioxetine,6
21221,Bupropion,1
21235,Tranylcypromine,10
21242,Lamotrigine,10
21243,Fluoxetine / olanzapine,5
21247,Venlafaxine,9
21276,Sertraline,8
21285,Effexor,1
21307,Nefazodone,10
21336,Phenelzine,2
21357,Pristiq,8
21363,Mirtazapine,10
21375,Wellbutrin,10
21376,Escitalopram,8
21390,Trazodone,7
21392,Vilazodone,5
21416,Paroxetine,7
21435,Tramadol,10
21529,Effexor,2
21531,Desvenlafaxine,10
21578,Escitalopram,10
21615,Bupropion,8
21626,Venlafaxine,9
21692,Wellbutrin XL,10
21703,Duloxetine,3
21710,Effexor,8
21715,Celexa,10
21753,Effexor XR,8
21756,Abilify,2
21768,Wellbutrin,9
21775,Venlafaxine,10
21800,Seroquel XR,8
21809,Levomilnacipran,5
21837,Wellbutrin SR,4
21839,Abilify,8
21895,Effexor XR,10
21917,Sertraline,8
21924,Desvenlafaxine,10
21932,Zoloft,8
21964,Lexapro,10
21975,Vilazodone,2
21995,Venlafaxine,7
21996,Desvenlafaxine,9
21999,Desipramine,9
22010,Vortioxetine,2
22017,Armodafinil,10
22043,Venlafaxine,3
22069,Bupropion,2
22125,Viibryd,1
22144,Lexapro,10
22170,Zoloft,1
22180,Lexapro,8
22185,Escitalopram,10
22191,Zoloft,5
22206,Duloxetine,9
22235,Desipramine,10
22243,Levomilnacipran,7
22271,Wellbutrin XL,10
22276,Trazodone,10
22280,St. john's wort,7
22294,Effexor,2
22305,Mirtazapine,8
22344,Desvenlafaxine,8
22346,Viibryd,9
22367,Effexor,4
22380,Paxil,2
22397,Fluoxetine,10
22398,Vilazodone,3
22399,Desvenlafaxine,9
22406,Trazodone,10
22457,Cymbalta,5
22469,Sertraline,3
22471,Celexa,10
22489,Alprazolam,10
22495,Paxil,1
22505,Cymbalta,7
22525,Desvenlafaxine,9
22528,Venlafaxine,3
22548,Mirtazapine,9
22566,Prozac,10
22587,Alprazolam,7
22597,Escitalopram,9
22598,Pristiq,10
22602,Bupropion,9
22623,Quetiapine,5
22672,Provigil,7
22700,Viibryd,6
22709,Duloxetine,10
22759,Prozac,10
22815,Effexor,6
22847,Aripiprazole,10
22852,Fetzima,8
22853,Wellbutrin,6
22856,Celexa,10
22861,Fluoxetine,10
22869,Desvenlafaxine,10
22873,Bupropion,5
22883,Zoloft,1
22899,Pristiq,7
22907,Lexapro,9
22947,Paroxetine,8
22977,Zoloft,8
23006,Citalopram,9
23015,Sertraline,10
23025,Vortioxetine,5
23039,Escitalopram,5
23046,Vortioxetine,8
23061,Paxil,10
23072,Bupropion,5
23077,Effexor XR,3
23090,Paroxetine,8
23093,Viibryd,6
23102,Alprazolam,8
23105,Pristiq,5
23108,Pristiq,9
23129,Bupropion,10
23133,Cymbalta,10
23144,Sertraline,1
23149,Symbyax,9
23157,Sertraline,10
23161,Fetzima,1
23190,Pristiq,9
23199,Bupropion,4
23200,Celexa,5
23205,Alprazolam,10
23206,Lexapro,9
23279,Cymbalta,10
23296,Escitalopram,5
23298,Seroquel,10
23299,Escitalopram,10
23329,Paxil,6
23332,Duloxetine,7
23341,Trazodone,1
23342,Vilazodone,2
23354,Sertraline,6
23367,Paxil,3
23376,Zoloft,7
23396,Desvenlafaxine,1
23421,Quetiapine,10
23424,Vortioxetine,9
23440,Celexa,8
23454,Sertraline,1
23464,Venlafaxine,1
23474,Effexor,7
23489,Viibryd,6
23513,Seroquel,1
23514,Citalopram,9
23515,Vortioxetine,8
23574,Duloxetine,9
23612,Citalopram,8
23618,Bupropion,10
23621,Sertraline,3
23622,Sertraline,1
23627,Venlafaxine,1
23663,Vortioxetine,8
23685,Desvenlafaxine,2
23734,Deplin,7
23735,Pristiq,6
23738,Xanax,10
23756,Citalopram,7
23776,Cymbalta,7
23778,Sertraline,10
23797,Citalopram,8
23800,Venlafaxine,5
23804,Citalopram,1
23892,Desvenlafaxine,9
23947,Tranylcypromine,10
23967,Citalopram,10
23974,Bupropion,8
23980,Venlafaxine,1
23982,Trintellix,2
24003,Cymbalta,10
24012,Nortriptyline,3
24046,Escitalopram,10
24105,Venlafaxine,2
24117,Viibryd,10
24146,Prozac,5
24169,Sertraline,9
24193,Bupropion,10
24205,Wellbutrin,5
24217,Desvenlafaxine,9
24284,Sertraline,9
24287,Abilify,8
24289,Paxil,9
24290,Sertraline,7
24293,Zoloft,9
24303,Paxil,9
24315,Escitalopram,1
24334,Mirtazapine,7
24369,Paroxetine,9
24370,Escitalopram,9
24375,Cymbalta,9
24381,Sertraline,2
24399,Pristiq,10
24402,Pristiq,8
24417,Paroxetine,10
24444,Fluoxetine,3
24503,Pristiq,10
24523,Lexapro,8
24526,L-methylfolate,8
24546,Wellbutrin,9
24565,Desvenlafaxine,10
24568,Desvenlafaxine,5
24597,Escitalopram,10
24637,Venlafaxine,9
24642,Cymbalta,9
24661,Vortioxetine,1
24674,Mirtazapine,10
24681,Prozac,9
24686,Lexapro,10
24697,Desvenlafaxine,10
24714,Tramadol,9
24727,Prozac,10
24735,Sertraline,3
24761,Effexor XR,7
24778,Celexa,3
24795,Phenelzine,9
24798,Amitriptyline,9
24802,Cymbalta,8
24851,Pristiq,9
24854,Celexa,9
24855,Sertraline,5
24905,Pristiq,5
24972,Lexapro,1
25003,Zoloft,10
25010,Sertraline,8
25018,Zoloft,9
25054,Pristiq,9
25089,Prozac,2
25094,Xanax,10
25097,Vortioxetine,8
25111,Wellbutrin,8
25113,Sertraline,1
25158,Celexa,10
25160,Prozac,7
25162,Zoloft,10
25167,Sertraline,1
25172,Vilazodone,10
25248,Vilazodone,7
25253,Duloxetine,7
25285,Bupropion,1
25301,Pristiq,10
25306,Alprazolam,9
25327,Bupropion,8
25340,Vortioxetine,9
25359,Bupropion,10
25364,Desvenlafaxine,10
25369,Venlafaxine,7
25370,Doxepin,9
25401,Paxil,10
25412,Deplin,8
25413,Vortioxetine,8
25418,Pristiq,3
25448,Vilazodone,10
25475,Celexa,6
25478,Citalopram,2
25496,St. john's wort,9
25517,Venlafaxine,1
25520,Bupropion,3
25524,Sertraline,10
25525,Pristiq,7
25566,Celexa,6
25581,Fetzima,1
25596,Mirtazapine,10
25600,Trazodone,10
25615,Amitriptyline,10
25623,Vilazodone,10
25642,Duloxetine,10
25665,Desvenlafaxine,8
25669,Aripiprazole,1
25707,Desvenlafaxine,7
25717,Lexapro,10
25719,Venlafaxine,4
25752,Venlafaxine,1
25754,Cymbalta,4
25772,Pristiq,1
25820,Cymbalta,2
25821,Mirtazapine,8
25826,Effexor XR,10
25848,Abilify,9
25902,Viibryd,8
25916,Aripiprazole,9
25917,Escitalopram,3
25920,Duloxetine,1
25929,Duloxetine,10
25963,Sertraline,8
26004,Citalopram,8
26013,Wellbutrin,2
26019,Effexor XR,10
26028,Vilazodone,3
26040,Sertraline,9
26053,Lexapro,10
26093,Sertraline,10
26111,Sertraline,9
26112,Bupropion,7
26125,Duloxetine,10
26198,Abilify,1
26221,Escitalopram,9
26284,Bupropion,10
26287,Desvenlafaxine,9
26302,Fluoxetine,1
26313,Wellbutrin SR,8
26320,Citalopram,1
26327,Aripiprazole,1
26354,Vortioxetine,9
26365,Tryptophan,9
26420,Bupropion,4
26446,Trintellix,8
26462,Escitalopram,6
26466,Desvenlafaxine,9
26506,Escitalopram,8
26511,Fluoxetine,8
26532,Pristiq,3
26578,Lithium,9
26584,Desvenlafaxine,10
26617,Cymbalta,5
26654,Trintellix,8
26708,Effexor,2
26724,Cymbalta,10
26726,Tranylcypromine,10
26754,Aripiprazole,2
26758,Cymbalta,9
26762,Wellbutrin XL,8
26777,Emsam,1
26787,Bupropion,10
26797,Bupropion,5
26805,Vilazodone,10
26822,Vortioxetine,4
26826,Vortioxetine,9
26843,Fluoxetine,9
26852,Cymbalta,10
26867,Sertraline,9
26901,Parnate,10
26926,Celexa,10
26928,Sertraline,8
26929,Nefazodone,1
26944,Vortioxetine,5
26956,Paroxetine,10
26984,Abilify,8
26985,Aripiprazole,1
27039,Prozac,8
27040,Citalopram,1
27064,Bupropion,9
27074,Escitalopram,10
27080,Mirtazapine,8
27091,Norpramin,10
27150,Tranylcypromine,9
27161,Wellbutrin,8
27167,Trazodone,10
27206,Bupropion,9
27223,Celexa,1
27228,Duloxetine,10
27244,Fluoxetine,7
27247,Sertraline,9
27263,Wellbutrin,1
27280,Prozac,10
27291,Lithium,10
27380,Effexor,10
27396,Desvenlafaxine,10
27428,Cymbalta,8
27431,Fluoxetine,9
27432,Tranylcypromine,8
27447,Prozac,9
27515,Paxil,1
27559,Cymbalta,10
27564,Lexapro,9
27574,Escitalopram,8
27581,Escitalopram,9
27582,Viibryd,3
27592,Viibryd,7
27601,Wellbutrin,7
27611,Effexor XR,6
27626,Fluoxetine,7
27652,Wellbutrin,5
27653,Desvenlafaxine,2
27661,Paroxetine,1
27677,Viibryd,1
27697,Lamotrigine,9
27715,Effexor,1
27733,Mirtazapine,9
27771,Tofranil,10
27779,Fluoxetine,10
27799,Sertraline,9
27857,Zoloft,8
27867,Citalopram,7
27869,Pristiq,10
27891,Citalopram,10
27943,Vilazodone,10
27957,Viibryd,10
27975,Vortioxetine,2
28012,Bupropion,10
28099,Viibryd,8
28105,Citalopram,9
28124,Mirtazapine,10
28145,Viibryd,8
28181,Serzone,9
28188,Oleptro,10
28197,Vortioxetine,9
28212,Lexapro,9
28219,Wellbutrin,10
28246,Sertraline,10
28257,Sertraline,4
28280,Cymbalta,2
28320,Venlafaxine,8
28343,Desvenlafaxine,10
28361,Sertraline,9
28391,Cymbalta,9
28402,Venlafaxine,1
28433,Duloxetine,9
28440,Desvenlafaxine,9
28446,Citalopram,1
28464,Escitalopram,7
28537,Celexa,10
28543,Bupropion,4
28546,Cymbalta,2
28602,Pristiq,6
28636,Escitalopram,4
28653,Wellbutrin XL,9
28681,Xanax,10
28683,Bupropion,8
28684,Paroxetine,3
28703,Celexa,5
28714,Vilazodone,5
28729,Wellbutrin,10
28743,Parnate,9
28756,Venlafaxine,6
28785,Duloxetine,1
28791,Celexa,6
28793,Wellbutrin,9
28802,Fluoxetine,9
28851,Lamotrigine,5
28892,Prozac,7
28902,Vilazodone,6
28913,Duloxetine,4
28927,Vilazodone,1
28928,Abilify,1
28986,Effexor XR,10
29031,Wellbutrin,9
29086,Duloxetine,2
29113,Effexor,1
29120,Abilify,9
29124,Elavil,10
29131,Pristiq,5
29224,Paxil,9
29225,Aripiprazole,10
29234,Remeron,10
29256,Brexpiprazole,4
29324,Pristiq,8
29330,Viibryd,7
29331,Parnate,10
29370,Lexapro,9
29380,Fluoxetine,10
29382,Abilify,10
29427,Fluvoxamine,9
29468,Zoloft,7
29481,Pristiq,10
29502,Vortioxetine,10
29507,Amitriptyline,10
29530,Trintellix,3
29540,Bupropion,10
29576,Viibryd,10
29615,Fetzima,5
29637,Venlafaxine,9
29671,Citalopram,7
29679,Effexor,4
29684,Zoloft,10
29689,Wellbutrin,3
29715,Citalopram,10
29750,Zoloft,2
29776,Duloxetine,9
29778,Wellbutrin SR,8
29790,Wellbutrin,8
29819,Viibryd,10
29855,Sertraline,9
29859,Duloxetine,1
29877,Zoloft,9
29911,Escitalopram,10
29924,Viibryd,1
29958,Duloxetine,9
29973,Desvenlafaxine,1
29979,Lexapro,9
29984,Bupropion,9
29992,Paroxetine,8
30019,Bupropion,10
30021,Sertraline,7
30053,Sertraline,8
30078,Bupropion,1
30088,Phenelzine,8
30100,Effexor,1
30103,Bupropion,6
30128,Escitalopram,10
30200,Citalopram,10
30238,Escitalopram,8
30242,Vortioxetine,6
30245,Forfivo XL,10
30264,Pristiq,9
30267,Viibryd,8
30276,Escitalopram,9
30278,Nortriptyline,9
30282,Effexor,10
30313,Viibryd,8
30339,Wellbutrin,6
30354,Venlafaxine,10
30366,Paroxetine,9
30374,Citalopram,10
30377,Viibryd,9
30383,Wellbutrin,1
30400,Escitalopram,9
30421,Zyprexa,10
30426,Wellbutrin,10
30435,Sertraline,2
30442,Bupropion,2
30476,Vortioxetine,8
30484,Prozac,4
30515,Mirtazapine,8
30539,Fluoxetine,9
30546,Celexa,10
30565,Cymbalta,1
30577,Alprazolam,10
30613,Vortioxetine,7
30615,Aripiprazole,8
30632,Paxil,1
30655,Zoloft,1
30663,Desvenlafaxine,9
30673,Zoloft,3
30675,Prozac,9
30680,Vortioxetine,5
30686,Pristiq,1
30694,Paroxetine,9
30722,Zoloft,9
30724,Venlafaxine,9
30728,Sertraline,9
30745,Wellbutrin XL,9
30765,Effexor,7
30772,Bupropion,10
30775,Armodafinil,10
30777,Sertraline,1
30778,Wellbutrin,2
30802,Trazodone,10
30819,Vilazodone,8
30828,Venlafaxine,10
30849,Xanax,10
30867,Venlafaxine,7
30923,Effexor XR,10
30936,Escitalopram,1
30948,Paroxetine,1
30956,Alprazolam,10
30961,Venlafaxine,9
30965,Sertraline,8
30983,Viibryd,9
31034,Desvenlafaxine,1
31050,Abilify,9
31113,Lexapro,8
31133,Viibryd,3
31134,Zoloft,9
31172,Cymbalta,8
31175,Wellbutrin,9
31176,Citalopram,7
31179,Bupropion,8
31183,Atomoxetine,6
31197,Levomilnacipran,5
31215,Deplin,10
31255,Effexor XR,9
31297,Bupropion,9
31317,Bupropion,3
31338,Viibryd,8
31356,Zoloft,8
31363,Citalopram,10
31375,Effexor XR,7
31396,Lexapro,2
31430,Escitalopram,9
31474,Sertraline,10
31477,Viibryd,1
31483,Cymbalta,10
31488,Citalopram,7
31515,Tramadol,10
31556,Paxil,9
31559,Duloxetine,10
31564,Escitalopram,9
31593,Effexor,10
31602,Bupropion,10
31605,Citalopram,8
31621,Pristiq,9
31659,Citalopram,3
31690,Fetzima,8
31700,Venlafaxine,6
31711,Fluvoxamine,4
31723,Viibryd,5
31727,Effexor,7
31733,Nortriptyline,7
31740,Viibryd,9
31748,Zoloft,7
31753,Wellbutrin,9
31760,Sertraline,10
31783,Lexapro,10
31790,Desvenlafaxine,10
31828,Wellbutrin,6
31845,Lexapro,10
31847,Alprazolam,10
31854,Prozac,10
31874,Vilazodone,8
31886,Wellbutrin,9
31891,Vortioxetine,2
31925,Sertraline,9
31930,Duloxetine,8
31937,Mirtazapine,1
31940,Remeron,10
31953,Celexa,10
31965,Cymbalta,1
31984,Trintellix,7
32052,Bupropion,10
32140,Elavil,10
32154,Mirtazapine,9
32212,Sertraline,9
32213,Sertraline,1
32251,Viibryd,8
32253,Pristiq,10
32254,Wellbutrin,8
32258,Wellbutrin,9
32265,Pristiq,3
32305,Citalopram,7
32311,Pristiq,10
32318,Mirtazapine,10
32319,Tramadol,10
32322,Paxil,10
32345,Zoloft,1
32359,Tranylcypromine,9
32370,Viibryd,10
32373,Lexapro,10
32380,Escitalopram,10
32396,Fluoxetine,8
32404,Cymbalta,10
32427,Vilazodone,10
32440,Duloxetine,8
32446,Sertraline,7
32459,Venlafaxine,6
32466,Zoloft,10
32505,Venlafaxine,7
32511,Duloxetine,1
32516,Prozac,1
32541,Wellbutrin,9
32549,Vilazodone,7
32552,Duloxetine,8
32556,Duloxetine,9
32566,Aripiprazole,5
32577,Desvenlafaxine,6
32579,Mirtazapine,2
32581,Fetzima,1
32596,Effexor,10
32658,Citalopram,5
32664,Elavil,10
32677,Cymbalta,10
32683,Escitalopram,10
32714,Fluoxetine,10
32742,Pristiq,6
32760,Effexor,7
32781,Bupropion,10
32784,Effexor,5
32789,Duloxetine,7
32822,Effexor XR,8
32838,Citalopram,5
32841,Tranylcypromine,9
32899,Levomilnacipran,1
32930,Citalopram,6
32937,Cymbalta,9
32951,Nefazodone,10
33022,Lexapro,10
33074,Bupropion,8
33080,Paxil,1
33083,Fluoxetine,10
33093,Bupropion,2
33163,Pristiq,2
33182,Cymbalta,1
33203,Escitalopram,9
33212,Lexapro,9
33239,Effexor XR,10
33254,Effexor,4
33293,Citalopram,9
33357,Venlafaxine,8
33359,Sertraline,7
33376,Vilazodone,8
33395,Wellbutrin SR,10
33398,Vortioxetine,7
33409,Alprazolam,10
33425,Wellbutrin,9
33442,Zoloft,10
33458,Celexa,9
33464,Vilazodone,5
33478,Bupropion,9
33483,Duloxetine,1
33498,Sertraline,9
33518,Deplin,7
33522,Zoloft,9
33536,Tofranil,8
33566,Escitalopram,3
33601,Pristiq,10
33617,Duloxetine,1
33635,Escitalopram,9
33697,Paroxetine,1
33726,Venlafaxine,8
33743,Alprazolam,9
33771,Wellbutrin XL,9
33780,Vilazodone,9
33798,Zoloft,2
33826,Bupropion,2
33834,Olanzapine,9
33846,Duloxetine,10
33851,Vortioxetine,10
33865,Sertraline,10
33887,Trintellix,8
33890,Quetiapine,5
33907,Fluoxetine,6
33929,Aripiprazole,1
33939,Citalopram,10
34012,Aripiprazole,1
34052,Mirtazapine,7
34057,Tramadol,10
34074,Cymbalta,10
34075,Duloxetine,10
34084,Cymbalta,1
34178,Mirtazapine,9
34181,Vortioxetine,3
34183,Wellbutrin SR,10
34197,Remeron,4
34289,Venlafaxine,2
34298,Zoloft,5
34308,Aripiprazole,10
34315,Lexapro,2
34324,Cymbalta,8
34328,Sertraline,9
34396,Lexapro,9
34429,Sertraline,7
34454,Viibryd,3
34455,Citalopram,8
34491,Viibryd,7
34509,Cymbalta,9
34515,Trazodone,10
34541,Sertraline,10
34555,Escitalopram,9
34576,Pristiq,9
34591,Duloxetine,4
34600,Trintellix,8
34603,Vortioxetine,7
34664,Vortioxetine,9
34669,Sertraline,10
34680,Lexapro,10
34687,Citalopram,7
34701,Sertraline,7
34707,Wellbutrin,10
34710,Duloxetine,10
34713,Vilazodone,7
34719,Venlafaxine,10
34739,Prozac,9
34780,Bupropion,9
34787,Effexor XR,9
34813,Fluvoxamine,8
34817,Trintellix,10
34843,Cymbalta,10
34855,Prozac Weekly,9
34901,Trintellix,7
34907,Bupropion,10
34922,Viibryd,9
34923,Olanzapine,1
34928,Quetiapine,9
34959,Bupropion,10
34980,Prozac,9
34992,Lamotrigine,1
35009,Effexor,8
35015,Celexa,10
35048,Escitalopram,7
35065,Pristiq,5
35102,Fluoxetine,9
35130,Duloxetine,1
35196,Paroxetine,9
35197,Escitalopram,7
35210,Trintellix,6
35225,Vortioxetine,3
35253,Desvenlafaxine,1
35274,Zoloft,4
35296,Citalopram,5
35307,Sertraline,7
35324,Pristiq,6
35325,Zoloft,10
35350,Paxil,10
35389,Escitalopram,9
35400,Vilazodone,1
35405,Desvenlafaxine,10
35432,Duloxetine,9
35445,Mirtazapine,8
35451,Bupropion,9
35470,Escitalopram,10
35490,Prozac,10
35519,Trintellix,7
35523,Escitalopram,10
35539,Duloxetine,5
35544,Citalopram,9
35557,Desvenlafaxine,9
35563,Celexa,8
35577,Olanzapine,6
35583,Wellbutrin,1
35594,Sertraline,7
35611,Sertraline,10
35626,Fluoxetine,10
35640,Phenelzine,8
35646,Duloxetine,10
35662,Bupropion,1
35673,Cymbalta,10
35680,Vortioxetine,9
35692,Fluoxetine,1
35700,Pristiq,9
35757,Celexa,10
35762,Prozac,9
35804,Paxil,8
35820,Duloxetine,9
35837,Levomilnacipran,6
35838,Venlafaxine,9
35841,Effexor,5
35855,Cymbalta,9
35868,Risperidone,1
35875,Sertraline,8
35885,Amitriptyline,10
35898,Viibryd,10
35940,Vilazodone,5
35942,Effexor XR,4
35951,Viibryd,10
35959,Lexapro,1
35982,Effexor XR,1
36021,Wellbutrin XL,9
36025,Vilazodone,6
36042,Wellbutrin XL,9
36047,Aripiprazole,10
36049,Bupropion,5
36050,Citalopram,9
36058,Serzone,10
36067,Duloxetine,3
36081,Zoloft,8
36082,Viibryd,6
36100,Wellbutrin,2
36109,Bupropion,1
36128,Duloxetine,3
36159,Venlafaxine,9
36162,Paxil,7
36171,Pristiq,7
36195,Viibryd,10
36223,Effexor,10
36237,Fluoxetine,1
36238,Celexa,9
36246,Cymbalta,1
36250,Mirtazapine,10
36262,Fluoxetine,5
36271,L-methylfolate,10
36296,Viibryd,6
36304,Escitalopram,10
36310,Pristiq,10
36316,Cymbalta,10
36327,Bupropion,7
36361,Viibryd,9
36384,Vortioxetine,1
36425,Wellbutrin XL,8
36466,Fluoxetine,10
36472,Sertraline,9
36475,Bupropion,10
36479,Sertraline,10
36481,Sertraline,9
36487,Pristiq,8
36496,Fluoxetine,8
36518,Fetzima,3
36526,Desvenlafaxine,5
36528,Mirtazapine,2
36547,Wellbutrin,10
36562,Levomilnacipran,1
36587,Vortioxetine,8
36590,Citalopram,10
36591,Viibryd,10
36603,Fluoxetine,9
36642,Viibryd,10
36653,Pristiq,9
36673,Sertraline,8
36701,Pristiq,10
36723,Cymbalta,6
36728,Pristiq,10
36730,Abilify,9
36761,Vortioxetine,7
36776,Alprazolam,5
36791,Venlafaxine,10
36795,Phenelzine,3
36828,Trintellix,10
36833,Wellbutrin,9
36872,Prozac,7
36894,Vilazodone,1
36896,Vilazodone,8
36905,Vortioxetine,1
36912,Desvenlafaxine,8
36931,Bupropion,9
36945,Celexa,6
36956,Venlafaxine,8
36964,Duloxetine,10
36979,Sertraline,10
36981,Venlafaxine,1
36990,Effexor XR,1
37045,Zoloft,9
37062,Celexa,10
37091,Pristiq,10
37116,Sertraline,9
37119,Paxil,3
37120,Pristiq,9
37127,Effexor XR,4
37128,Fluoxetine,5
37132,Viibryd,2
37175,Tramadol,10
37199,Citalopram,10
37206,Viibryd,2
37220,Duloxetine,7
37246,Remeron,4
37259,Parnate,10
37265,Trintellix,9
37275,Fetzima,2
37292,Vortioxetine,7
37301,Abilify,10
37306,Duloxetine,1
37319,Bupropion,8
37329,Seroquel XR,10
37340,Wellbutrin SR,3
37351,Aplenzin,5
37355,Methylphenidate,10
37357,Escitalopram,10
37373,Vilazodone,10
37385,Pristiq,9
37386,Fetzima,4
37387,Venlafaxine,2
37416,Wellbutrin,8
37417,Citalopram,4
37446,Wellbutrin,10
37457,Paroxetine,9
37465,Desvenlafaxine,1
37481,Effexor,2
37516,Paxil,7
37547,Lexapro,9
37612,Quetiapine,4
37636,Tramadol,10
37639,Effexor,10
37651,Citalopram,8
37653,Viibryd,10
37656,Vortioxetine,10
37665,Paroxetine,1
37680,Fluoxetine,1
37693,Desvenlafaxine,9
37697,Zoloft,10
37704,Fluoxetine,4
37739,Bupropion,8
37744,Trintellix,8
37746,Citalopram,8
37760,Aripiprazole,10
37795,Paroxetine,8
37867,Vortioxetine,5
37909,Aripiprazole,1
37987,Sertraline,8
38019,Sertraline,10
38025,Mirtazapine,1
38059,Effexor,2
38064,Fluoxetine,8
38072,Venlafaxine,1
38084,Venlafaxine,8
38088,Citalopram,10
38106,Olanzapine,9
38108,Fluoxetine,8
38110,Sertraline,10
38115,Vortioxetine,10
38119,Vortioxetine,8
38131,Effexor,1
38136,Citalopram,10
38181,Lexapro,9
38189,Aripiprazole,9
38245,Pristiq,1
38253,Bupropion,8
38257,Bupropion,8
38263,Desvenlafaxine,8
38275,Zoloft,10
38330,Mirtazapine,10
38336,Venlafaxine,9
38380,Pristiq,10
38400,Escitalopram,10
38401,Pristiq,6
38422,Desvenlafaxine,3
38439,Remeron,9
38471,Sertraline,3
38560,Escitalopram,10
38568,Prozac,8
38613,Sertraline,9
38622,Vortioxetine,9
38654,Prozac,9
38657,Viibryd,9
38659,Pristiq,9
38671,Lexapro,10
38674,Desvenlafaxine,8
38709,L-methylfolate,1
38720,Paxil,3
38749,Zoloft,8
38750,Lexapro,10
38784,Mirtazapine,9
38822,Armodafinil,10
38846,Pristiq,9
38848,Escitalopram,8
38850,Effexor,8
38854,Desvenlafaxine,10
38873,Citalopram,1
38895,Pristiq,9
38965,Methylphenidate,1
38976,Pristiq,8
38991,Viibryd,6
39030,Citalopram,7
39049,Vilazodone,6
39063,Aripiprazole,10
39072,Aripiprazole,10
39093,Bupropion,7
39096,Desvenlafaxine,3
39119,Doxepin,9
39121,Vortioxetine,7
39128,Citalopram,3
39136,Zoloft,5
39148,Cymbalta,1
39166,Abilify,8
39188,Risperidone,2
39201,Venlafaxine,10
39249,Celexa,9
39256,Tranylcypromine,10
39267,Trintellix,2
39300,Olanzapine,9
39312,Sertraline,9
39340,Bupropion,3
39342,Escitalopram,9
39347,Desvenlafaxine,7
39385,Bupropion,8
39396,Fluoxetine,10
39403,Citalopram,10
39421,Duloxetine,8
39439,Effexor XR,10
39481,Sertraline,10
39497,Budeprion XL,1
39515,Lexapro,8
39521,Cymbalta,9
39563,Escitalopram,8
39574,Viibryd,3
39579,Trazodone,10
39586,Paroxetine,1
39595,Sertraline,4
39600,Viibryd,5
39611,Sertraline,5
39616,Duloxetine,8
39642,Duloxetine,9
39677,Citalopram,9
39684,Abilify,9
39697,Prozac,2
39721,Prozac,9
39723,Desvenlafaxine,9
39761,L-methylfolate,10
39762,Desvenlafaxine,10
39775,Sertraline,10
39785,Bupropion,7
39791,Venlafaxine,6
39801,Vortioxetine,2
39814,Venlafaxine,10
39834,Xanax,10
39838,Lexapro,10
39846,Trintellix,1
39858,Sertraline,1
39871,Venlafaxine,6
39911,Xanax,10
39914,Bupropion,1
39928,Bupropion,9
39935,Vortioxetine,10
39993,Aripiprazole,10
40004,Duloxetine,3
40006,Cymbalta,9
40019,Venlafaxine,8
40031,Venlafaxine,1
40039,Atomoxetine,8
40045,Vilazodone,5
40066,Citalopram,10
40068,Fluoxetine,10
40088,Sertraline,9
40101,Methylphenidate,10
40107,Prozac,10
40126,Levomilnacipran,3
40149,Cymbalta,2
40160,Venlafaxine,9
40181,Venlafaxine,10
40193,Effexor XR,9
40200,Effexor,1
40238,Bupropion,10
40252,Viibryd,10
40272,Paxil,10
40273,Fluoxetine,10
40285,Bupropion,10
40289,Alprazolam,10
40296,Fluoxetine,10
40353,Vilazodone,8
40365,Wellbutrin XL,7
40415,Sertraline,10
40449,Escitalopram,7
40464,Duloxetine,1
40488,Citalopram,9
40497,Sertraline,7
40526,Bupropion,10
40531,Trintellix,10
40535,Celexa,10
40565,Prozac,9
40586,Aripiprazole,1
40587,Desvenlafaxine,3
40602,Celexa,9
40607,Bupropion,9
40609,Citalopram,8
40610,Lexapro,9
40647,Viibryd,10
40680,Prozac,1
40683,Viibryd,1
40709,Cymbalta,1
40719,Pristiq,1
40749,Alprazolam,10
40769,Wellbutrin SR,10
40783,Remeron,2
40785,Pristiq,10
40808,Mirtazapine,2
40814,Effexor XR,7
40836,L-methylfolate,1
40869,Venlafaxine,10
40909,Mirtazapine,10
40911,Escitalopram,4
40916,Sertraline,10
40938,Venlafaxine,9
40947,Venlafaxine,9
40949,Bupropion,2
40951,Zoloft,9
40965,Lexapro,10
40983,Celexa,1
40996,Fluoxetine,7
41028,Vortioxetine,8
41051,Cymbalta,10
41054,Sertraline,9
41059,Pristiq,10
41060,Celexa,4
41069,Sertraline,10
41090,Escitalopram,2
41093,Aripiprazole,10
41102,Sertraline,9
41118,Wellbutrin,10
41149,Pristiq,10
41153,Sertraline,8
41167,Strattera,8
41170,Celexa,10
41179,Bupropion,6
41197,Sertraline,8
41218,Prozac,8
41225,Prozac,8
41236,Cymbalta,5
41246,Pristiq,8
41259,Parnate,10
41288,Escitalopram,3
41305,Sertraline,9
41315,Cymbalta,1
41329,Cymbalta,9
41333,Desvenlafaxine,8
41338,Effexor,2
41370,Trintellix,8
41391,Vilazodone,9
41433,Lexapro,10
41482,Alprazolam,10
41486,Bupropion,9
41539,Wellbutrin SR,6
41549,Oleptro,9
41589,Vortioxetine,8
41612,Fluoxetine,7
41647,Duloxetine,9
41652,Abilify,10
41657,Citalopram,10
41689,Paroxetine,7
41712,Bupropion,6
41721,Escitalopram,4
41724,Vortioxetine,2
41725,Vilazodone,10
41743,Escitalopram,10
41758,Mirtazapine,10
41808,Sertraline,6
41884,Mirtazapine,8
41885,Celexa,3
41911,Xanax,10
41915,Tramadol,7
41924,Tranylcypromine,10
41936,Escitalopram,8
41937,Mirtazapine,4
41941,Cymbalta,7
41948,Vilazodone,10
41950,Paroxetine,7
41981,Abilify,10
41992,Tramadol,10
42043,Quetiapine,9
42060,Aripiprazole,5
42079,Prozac,4
42084,Aripiprazole,1
42085,Sertraline,3
42102,Pristiq,9
42105,Lexapro,7
42125,Wellbutrin,7
42152,Desvenlafaxine,10
42158,Venlafaxine,10
42164,Escitalopram,7
42214,Methylphenidate,10
42228,Zoloft,8
42232,Cymbalta,8
42273,Desvenlafaxine,9
42300,Lexapro,6
42320,Lexapro,8
42334,Desvenlafaxine,2
42345,Sertraline,6
42349,Vortioxetine,8
42371,Wellbutrin,10
42424,Vortioxetine,1
42472,Abilify,7
42480,Celexa,9
42494,Cymbalta,8
42522,Celexa,5
42530,Duloxetine,1
42537,Celexa,1
42544,Wellbutrin,10
42549,Lexapro,9
42569,Trintellix,8
42609,L-methylfolate,7
42637,Nortriptyline,9
42642,Bupropion,8
42666,Ritalin,7
42674,Pristiq,9
42679,Parnate,8
42693,Sertraline,8
42705,Celexa,9
42758,Pristiq,10
42770,Duloxetine,1
42783,Cymbalta,5
42791,Effexor XR,10
42807,Fluoxetine,10
42841,Bupropion,10
42878,Pristiq,10
42899,Mirtazapine,10
42908,Desvenlafaxine,2
42918,Wellbutrin XL,6
42919,Citalopram,1
42944,Seroquel XR,9
42947,Escitalopram,8
42970,Desvenlafaxine,1
42991,Sertraline,1
42992,Cymbalta,10
43007,Fetzima,1
43015,Sertraline,7
43019,Abilify,10
43028,Vortioxetine,2
43031,Paroxetine,7
43040,Prozac,8
43048,L-methylfolate,1
43062,Sertraline,10
43089,Venlafaxine,10
43099,Zoloft,10
43100,Effexor,9
43107,Wellbutrin XL,4
43128,Pristiq,1
43140,Celexa,9
43144,Viibryd,7
43149,Wellbutrin,6
43165,Cymbalta,10
43169,Nardil,10
43181,Wellbutrin XL,10
43183,Amitriptyline,10
43186,Remeron,7
43187,Prozac,8
43222,Desvenlafaxine,10
43246,Bupropion,10
43257,Viibryd,1
43281,Prozac,1
43315,Cymbalta,7
43341,Bupropion,9
43343,Desvenlafaxine,8
43353,Aripiprazole,9
43355,Nuvigil,10
43359,Effexor XR,8
43369,Citalopram,8
43373,Venlafaxine,8
43391,Bupropion,10
43397,Viibryd,1
43399,Viibryd,7
43408,Aripiprazole,7
43421,Wellbutrin XL,10
43427,St. john's wort,7
43444,Bupropion,10
43500,Venlafaxine,9
43518,Wellbutrin,2
43521,Vortioxetine,1
43525,Citalopram,7
43529,Lexapro,10
43547,Sertraline,10
43559,Wellbutrin XL,10
43569,Trintellix,10
43577,Lexapro,2
43579,Citalopram,6
43583,Vortioxetine,5
43601,Aripiprazole,9
43605,Sertraline,8
43613,Lexapro,10
43621,Aripiprazole,9
43644,Pristiq,9
43653,Bupropion,8
43669,Venlafaxine,5
43670,Trintellix,6
43696,Wellbutrin,10
43728,Vortioxetine,10
43733,Selegiline,9
43746,Vortioxetine,8
43802,Vortioxetine,1
43814,Viibryd,1
43824,Vortioxetine,6
43857,Duloxetine,2
43864,Fluoxetine,9
43889,Clomipramine,9
43895,Alprazolam,10
43921,Cymbalta,8
43937,Viibryd,10
43942,Abilify,6
43950,Wellbutrin SR,1
43969,Vilazodone,1
43980,Pristiq,10
43981,Zoloft,10
43987,Bupropion,9
43998,Escitalopram,9
44036,Desvenlafaxine,3
44040,Bupropion,8
44054,Duloxetine,1
44102,Paroxetine,1
44134,Mirtazapine,6
44161,Wellbutrin,10
44174,Vortioxetine,1
44186,Escitalopram,9
44213,Remeron,2
44270,Seroquel XR,8
44272,Quetiapine,1
44323,Venlafaxine,10
44339,Desvenlafaxine,8
44343,Pristiq,9
44345,Venlafaxine,10
44347,Wellbutrin,10
44394,Cymbalta,9
44405,Wellbutrin XL,10
44410,Escitalopram,10
44433,Norpramin,9
44442,Aripiprazole,10
44467,Vilazodone,10
44487,Bupropion,4
44498,Sertraline,9
44499,Sertraline,1
44533,Prozac,8
44549,Nardil,8
44562,Nefazodone,10
44572,Desvenlafaxine,1
44599,Seroquel,9
44634,Abilify,9
44648,Cymbalta,7
44673,Paroxetine,9
44694,Paxil,9
44764,Desvenlafaxine,10
44773,Sertraline,10
44801,Bupropion,7
44808,Bupropion,10
44815,Vortioxetine,9
44819,Prozac,10
44825,Paxil,10
44845,Effexor XR,10
44860,Phenelzine,4
44898,Sertraline,9
44916,Abilify,8
44919,Sertraline,7
44928,Zoloft,9
44960,Cymbalta,9
44975,Cymbalta,9
44985,Mirtazapine,9
45031,Bupropion,5
45059,Nortriptyline,7
45106,Mirtazapine,9
45111,Venlafaxine,9
45149,Vortioxetine,1
45154,Trintellix,6
45165,Fluoxetine,6
45170,Wellbutrin XL,5
45179,Trintellix,6
45182,Quetiapine,8
45201,Escitalopram,10
45209,Prozac,8
45247,Zoloft,9
45257,Wellbutrin,9
45305,Duloxetine,1
45359,Desvenlafaxine,9
45361,Bupropion,5
45379,Citalopram,3
45386,Citalopram,7
45398,Citalopram,9
45403,Fluoxetine,10
45415,Zoloft,10
45417,Cymbalta,6
45433,Cymbalta,1
45468,Sertraline,4
45470,Citalopram,8
45472,Sertraline,9
45488,Desvenlafaxine,3
45498,Remeron,1
45501,Vortioxetine,1
45513,Bupropion,9
45518,Mirtazapine,8
45563,Effexor,3
45613,Citalopram,9
45631,Bupropion,5
45639,Venlafaxine,10
45652,Fluoxetine,7
45654,Viibryd,5
45658,Wellbutrin XL,10
45662,Escitalopram,1
45672,Prozac,7
45675,Lexapro,7
45710,Desvenlafaxine,8
45723,Desvenlafaxine,9
45740,Zoloft,9
45756,Desvenlafaxine,8
45766,Olanzapine,7
45781,Bupropion,8
45786,Desvenlafaxine,9
45792,Paxil,1
45800,Pristiq,5
45829,Viibryd,9
45839,Mirtazapine,6
45892,Quetiapine,10
45901,Lexapro,8
45902,Niacin,8
45906,Vilazodone,9
45908,Trazodone,9
45914,Viibryd,1
45950,Fluoxetine,10
45970,Desvenlafaxine,9
45976,Vilazodone,9
45983,Citalopram,8
46016,Bupropion,1
46022,Celexa,10
46029,Venlafaxine,10
46033,Sertraline,10
46039,Levomilnacipran,6
46047,Mirtazapine,7
46052,Citalopram,2
46057,Doxepin,1
46082,Pristiq,10
46083,Vortioxetine,10
46116,Effexor XR,10
46122,Vortioxetine,6
46123,Mirtazapine,9
46145,Viibryd,8
46152,Zoloft,8
46172,Celexa,6
46175,Venlafaxine,6
46202,Desvenlafaxine,7
46210,Zyprexa,8
46244,Citalopram,10
46246,Abilify,9
46259,Seroquel,10
46265,Pristiq,7
46275,Sertraline,6
46291,Trintellix,9
46293,Fluoxetine,4
46336,Lexapro,8
46385,Citalopram,6
46408,Vortioxetine,9
46415,Lexapro,6
46443,Fluoxetine,2
46476,Prozac,7
46479,Nortriptyline,10
46507,Desvenlafaxine,6
46516,Zoloft,10
46519,Desvenlafaxine,8
46524,Zoloft,10
46538,Fetzima,8
46556,Escitalopram,8
46600,Celexa,3
46603,L-methylfolate,8
46646,Zoloft,8
46650,Wellbutrin XL,10
46721,Wellbutrin XL,10
46741,Sertraline,4
46767,Effexor XR,3
46770,Desvenlafaxine,7
46800,Olanzapine,6
46823,Risperidone,6
46830,Abilify,6
46876,Zoloft,10
46890,Trintellix,1
46913,Zyprexa,8
46917,Cymbalta,10
46920,Lexapro,1
46969,Bupropion,9
46985,Vilazodone,10
46993,Xanax,10
47012,Levomilnacipran,9
47016,Escitalopram,10
47021,Wellbutrin,2
47041,Venlafaxine,1
47042,Escitalopram,10
47050,Desvenlafaxine,9
47064,Cymbalta,9
47106,Mirtazapine,10
47121,Pristiq,9
47140,Effexor XR,3
47163,Escitalopram,1
47167,Wellbutrin SR,8
47176,Paroxetine,5
47189,Fetzima,3
47202,Bupropion,10
47233,Pristiq,9
47295,Trintellix,2
47304,Alprazolam,10
47311,Bupropion,8
47339,Tranylcypromine,8
47340,Deplin,1
47347,Viibryd,10
47352,Sertraline,10
47370,Modafinil,10
47381,Venlafaxine,10
47405,Desvenlafaxine,9
47410,Fluoxetine,7
47451,Deplin,10
47455,Lexapro,5
47476,Mirtazapine,5
47506,Sertraline,8
47508,Fluoxetine / olanzapine,9
47528,Zyprexa,7
47550,Duloxetine,9
47554,Escitalopram,9
47560,Alprazolam,10
47561,Quetiapine,7
47572,Tranylcypromine,7
47586,Prozac,10
47607,St. john's wort,3
47618,Amitriptyline,4
47633,Cymbalta,8
47646,Venlafaxine,10
47653,Celexa,10
47678,Effexor XR,2
47717,Mirtazapine,9
47744,Aripiprazole,3
47750,Abilify,8
47752,Bupropion,8
47778,Desvenlafaxine,7
47808,Bupropion,2
47870,Pristiq,10
47932,Mirtazapine,4
47937,Zoloft,8
47941,Xanax,10
47954,Sertraline,5
47955,Venlafaxine,10
48028,Zoloft,2
48066,Amoxapine,10
48091,Paroxetine,10
48101,Citalopram,10
48140,Escitalopram,9
48146,Escitalopram,9
48151,Venlafaxine,7
48173,Zoloft,6
48183,Trintellix,1
48215,Citalopram,2
48229,Prozac,10
48236,Bupropion,9
48247,Citalopram,10
48277,Venlafaxine,8
48346,Levomilnacipran,2
48350,Effexor XR,10
48362,Wellbutrin,9
48363,Sertraline,1
48374,Duloxetine,1
48385,Wellbutrin,8
48387,Cymbalta,8
48403,Trintellix,8
48447,Remeron,8
48452,Escitalopram,8
48472,Pristiq,3
48497,Trintellix,10
48524,Bupropion,10
48530,Sertraline,6
48541,Bupropion,9
48542,Fluoxetine,4
48576,Venlafaxine,10
48621,Pristiq,7
48624,Effexor XR,9
48650,Sertraline,7
48662,Zoloft,2
48675,Vilazodone,9
48685,Viibryd,1
48690,Trazodone,1
48703,Bupropion,10
48799,Clomipramine,10
48822,Bupropion,8
48852,Desvenlafaxine,9
48877,Mirtazapine,10
48880,Prozac,10
48884,Pristiq,1
48946,Wellbutrin,9
48962,Escitalopram,8
48969,Mirtazapine,7
48979,Xanax,3
48980,Pristiq,9
49011,Pristiq,1
49032,Xanax,10
49052,Elavil,10
49100,Desipramine,1
49107,Escitalopram,10
49119,Parnate,10
49122,Trintellix,8
49136,Bupropion,10
49144,Vortioxetine,1
49164,Risperdal M-Tab,10
49167,Bupropion,8
49204,Vortioxetine,9
49229,Venlafaxine,8
49233,Desvenlafaxine,10
49261,Duloxetine,4
49274,Citalopram,8
49286,Trintellix,5
49289,Desvenlafaxine,9
49292,Viibryd,4
49293,Viibryd,10
49308,Mirtazapine,9
49309,Bupropion,1
49324,Vortioxetine,7
49327,Viibryd,1
49347,Citalopram,10
49405,Bupropion,10
49406,Bupropion,1
49420,Desvenlafaxine,10
49428,Desvenlafaxine,9
49437,Seroquel XR,10
49458,Fluoxetine,9
49500,Trazodone,3
49505,Desvenlafaxine,1
49507,Bupropion,9
49525,Zyprexa,7
49562,Effexor XR,4
49643,Escitalopram,10
49645,Celexa,9
49651,Duloxetine,7
49664,Niacin,10
49674,Sertraline,10
49697,Vortioxetine,10
49700,Zoloft,5
49701,Viibryd,10
49709,Escitalopram,10
49749,Prozac,6
49753,Wellbutrin,10
49794,Desvenlafaxine,6
49845,Viibryd,2
49863,Bupropion,8
49864,Quetiapine,6
49874,Desvenlafaxine,7
49912,Desvenlafaxine,10
49970,Lexapro,10
49972,Zoloft,7
49980,Remeron,8
50020,Mirtazapine,10
50021,Citalopram,6
50029,Emsam,10
50033,Celexa,10
50039,Duloxetine,9
50092,Nuvigil,10
50108,Escitalopram,2
50110,Invega,10
50127,Effexor,8
50145,Venlafaxine,1
50191,Pristiq,7
50244,Pristiq,10
50265,Wellbutrin XL,10
50272,Quetiapine,10
50281,Paroxetine,10
50294,Quetiapine,10
50304,Xanax,10
50324,Escitalopram,7
50326,Lexapro,7
50346,Trintellix,7
50361,Desvenlafaxine,8
50383,Tramadol,10
50405,Paxil CR,10
50456,Effexor,10
50496,Bupropion,10
50547,Lexapro,9
50551,Prozac,10
50556,Lamotrigine,9
50560,Bupropion,9
50568,Aripiprazole,9
50589,Remeron,1
50624,Prozac,10
50638,Niacin,9
50653,Paxil,9
50661,Paroxetine,7
50663,Desvenlafaxine,8
50669,Pristiq,5
50670,Desvenlafaxine,1
50705,Trintellix,7
50720,Desvenlafaxine,1
50726,Mirtazapine,10
50740,Trintellix,6
50755,Fluoxetine,5
50805,Effexor,10
50812,Viibryd,3
50822,Citalopram,5
50839,Quetiapine,8
50902,Xanax,9
50923,Duloxetine,1
50950,Bupropion,7
50975,Alprazolam,10
50979,Venlafaxine,8
50992,Zoloft,6
50996,Vortioxetine,1
51024,Desvenlafaxine,10
51031,Aripiprazole,10
51085,Vortioxetine,10
51088,Cymbalta,1
51145,Viibryd,1
51166,Effexor,10
51180,Trintellix,9
51219,Vortioxetine,9
51225,Cymbalta,10
51240,Venlafaxine,10
51242,Bupropion,9
51260,Olanzapine,1
51296,Aripiprazole,9
51309,Duloxetine,10
51333,Bupropion,8
51340,Citalopram,10
51357,Desvenlafaxine,10
51371,Sertraline,8
51388,Aripiprazole,1
51432,Bupropion,9
51443,Wellbutrin,9
51470,Venlafaxine,1
51481,Vortioxetine,8
51502,Effexor XR,7
51530,Viibryd,10
51553,Effexor,2
51574,Duloxetine,5
51582,Vilazodone,9
51599,Zoloft,10
51627,Citalopram,5
51643,Abilify,1
51654,Desvenlafaxine,9
51673,Trintellix,4
51703,Zoloft,8
51826,Serzone,9
51880,Abilify,7
51885,Desvenlafaxine,8
51902,Fluoxetine,8
51913,Wellbutrin,10
51963,Desvenlafaxine,7
51976,Sertraline,1
52022,Venlafaxine,8
52025,Desvenlafaxine,2
52029,Lamotrigine,4
52060,Methylphenidate,9
52065,Bupropion,8
52073,Pristiq,8
52084,Lexapro,5
52089,Bupropion,6
52090,Amitriptyline,9
52092,Pristiq,6
52131,Levomilnacipran,10
52134,Effexor XR,10
52223,Citalopram,6
52231,Sertraline,9
52248,Amitriptyline / perphenazine,9
52279,Citalopram,9
52289,Pristiq,1
52310,Wellbutrin,9
52315,Sertraline,8
52336,Desvenlafaxine,10
52352,Escitalopram,2
52364,Wellbutrin,10
52392,Prozac,6
52402,Lexapro,9
52426,Cymbalta,9
52430,Bupropion,8
52441,L-methylfolate,10
52448,Brexpiprazole,4
52454,Zoloft,2
52472,Duloxetine,1
52481,Sertraline,9
52483,Citalopram,4
52520,Desvenlafaxine,8
52552,Vilazodone,10
52562,Bupropion,8
52570,Duloxetine,7
52578,Aripiprazole,10
52585,Abilify,10
52598,Quetiapine,8
52615,Lexapro,2
52626,Celexa,3
52635,Viibryd,6
52648,Paxil,8
52651,Aripiprazole,9
52680,Vortioxetine,4
52695,Modafinil,9
52713,Desvenlafaxine,5
52731,Celexa,8
52736,Selegiline,9
52769,Sertraline,7
52783,Bupropion,8
52792,Vortioxetine,9
52801,Methylphenidate,10
52833,Bupropion,10
52836,Paroxetine,4
52900,Effexor XR,9
52904,Venlafaxine,3
52911,Celexa,7
52930,Amitriptyline,8
52932,Mirtazapine,8
52944,Vilazodone,5
52948,Fluoxetine,8
52953,Venlafaxine,6
52992,Wellbutrin SR,3
53015,Sertraline,9
53032,Vortioxetine,10
53074,Wellbutrin,8
53123,Wellbutrin XL,3
53131,Vilazodone,7
53137,Prozac,1
53156,Lexapro,10
53182,Abilify,1
53183,Bupropion,10
53190,Sertraline,7
53221,Mirtazapine,8
53252,Lexapro,10
53263,Vortioxetine,1
53270,Desvenlafaxine,7
53281,Bupropion,2
53301,Pristiq,8
53307,Prozac,1
53312,Desvenlafaxine,10
53330,Desvenlafaxine,10
53351,Duloxetine,8
53372,Trazodone,9
53384,Bupropion,10
53414,Cymbalta,7
53428,Pristiq,10
53433,Vortioxetine,2
53447,Bupropion,6
53453,Fluoxetine,9
53464,Effexor,7
53471,Nardil,3
53491,Seroquel XR,8
53505,Bupropion,10
53510,Desvenlafaxine,8
53518,Remeron,8
53550,Celexa,10
53580,Sertraline,10
53582,Pristiq,10
53600,Lexapro,8
53601,Vortioxetine,9
53691,Citalopram,10
53724,Maprotiline,9
53732,Lexapro,7
